name	class
image_0001.jpg	normal
image_0002.jpg	normal
image_0003.jpg	normal
image_0004.jpg	normal
image_0005.jpg	normal
image_0006.jpg	normal
image_0007.jpg	normal
image_0008.jpg	normal
image_0009.jpg	normal
image_0010.jpg	normal
image_0011.jpg	normal
image_0012.jpg	normal
image_0013.jpg	normal
image_0014.jpg	normal
image_0015.jpg	normal
image_0016.jpg	normal
image_0017.jpg	normal
image_0018.jpg	normal
image_0019.jpg	normal
image_0020.jpg	normal
image_0021.jpg	normal
image_0022.jpg	normal
image_0023.jpg	normal
image_0024.jpg	normal
image_0025.jpg	normal
image_0026.jpg	normal
image_0027.jpg	normal
image_0028.jpg	normal
image_0029.jpg	normal
image_0030.jpg	normal
image_0031.jpg	normal
image_0032.jpg	normal
image_0033.jpg	normal
image_0034.jpg	normal
image_0035.jpg	normal
image_0036.jpg	normal
image_0037.jpg	normal
image_0038.jpg	normal
image_0039.jpg	normal
image_0040.jpg	normal
image_0041.jpg	normal
image_0042.jpg	normal
image_0043.jpg	normal
image_0044.jpg	normal
image_0045.jpg	normal
image_0046.jpg	normal
image_0047.jpg	normal
image_0048.jpg	normal
image_0049.jpg	normal
image_0050.jpg	normal
image_0051.jpg	normal
image_0052.jpg	normal
image_0053.jpg	normal
image_0054.jpg	normal
image_0055.jpg	normal
image_0056.jpg	normal
image_0057.jpg	normal
image_0058.jpg	normal
image_0059.jpg	normal
image_0060.jpg	normal
image_0061.jpg	normal
image_0062.jpg	normal
image_0063.jpg	normal
image_0064.jpg	normal
image_0065.jpg	normal
image_0066.jpg	normal
image_0067.jpg	normal
image_0068.jpg	normal
image_0069.jpg	normal
image_0070.jpg	normal
image_0071.jpg	normal
image_0072.jpg	normal
image_0073.jpg	normal
image_0074.jpg	normal
image_0075.jpg	normal
image_0076.jpg	normal
image_0077.jpg	normal
image_0078.jpg	normal
image_0079.jpg	normal
image_0080.jpg	normal
image_0081.jpg	normal
image_0082.jpg	normal
image_0083.jpg	normal
image_0084.jpg	normal
image_0085.jpg	normal
image_0086.jpg	normal
image_0087.jpg	normal
image_0088.jpg	normal
image_0089.jpg	normal
image_0090.jpg	normal
image_0091.jpg	normal
image_0092.jpg	normal
image_0093.jpg	normal
image_0094.jpg	normal
image_0095.jpg	normal
image_0096.jpg	normal
image_0097.jpg	normal
image_0098.jpg	normal
image_0099.jpg	normal
image_0100.jpg	normal
image_0101.jpg	normal
image_0102.jpg	normal
image_0103.jpg	normal
image_0104.jpg	normal
image_0105.jpg	normal
image_0106.jpg	normal
image_0107.jpg	normal
image_0108.jpg	normal
image_0109.jpg	normal
image_0110.jpg	normal
image_0111.jpg	normal
image_0112.jpg	normal
image_0113.jpg	normal
image_0114.jpg	normal
image_0115.jpg	normal
image_0116.jpg	normal
image_0117.jpg	normal
image_0118.jpg	normal
image_0119.jpg	normal
image_0120.jpg	normal
image_0121.jpg	normal
image_0122.jpg	normal
image_0123.jpg	normal
image_0124.jpg	normal
image_0125.jpg	normal
image_0126.jpg	normal
image_0127.jpg	normal
image_0128.jpg	normal
image_0129.jpg	normal
image_0130.jpg	normal
image_0131.jpg	normal
image_0132.jpg	normal
image_0133.jpg	normal
image_0134.jpg	normal
image_0135.jpg	normal
image_0136.jpg	normal
image_0137.jpg	normal
image_0138.jpg	normal
image_0139.jpg	normal
image_0140.jpg	normal
image_0141.jpg	normal
image_0142.jpg	normal
image_0143.jpg	normal
image_0144.jpg	normal
image_0145.jpg	normal
image_0146.jpg	normal
image_0147.jpg	normal
image_0148.jpg	normal
image_0149.jpg	normal
image_0150.jpg	normal
image_0151.jpg	normal
image_0152.jpg	normal
image_0153.jpg	normal
image_0154.jpg	normal
image_0155.jpg	normal
image_0156.jpg	normal
image_0157.jpg	normal
image_0158.jpg	normal
image_0159.jpg	normal
image_0160.jpg	normal
image_0161.jpg	normal
image_0162.jpg	normal
image_0163.jpg	normal
image_0164.jpg	normal
image_0165.jpg	normal
image_0166.jpg	normal
image_0167.jpg	normal
image_0168.jpg	normal
image_0169.jpg	normal
image_0170.jpg	normal
image_0171.jpg	normal
image_0172.jpg	normal
image_0173.jpg	normal
image_0174.jpg	normal
image_0175.jpg	normal
image_0176.jpg	normal
image_0177.jpg	normal
image_0178.jpg	normal
image_0179.jpg	normal
image_0180.jpg	normal
image_0181.jpg	normal
image_0182.jpg	normal
image_0183.jpg	normal
image_0184.jpg	normal
image_0185.jpg	normal
image_0186.jpg	normal
image_0187.jpg	normal
image_0188.jpg	normal
image_0189.jpg	normal
image_0190.jpg	normal
image_0191.jpg	normal
image_0192.jpg	normal
image_0193.jpg	normal
image_0194.jpg	normal
image_0195.jpg	normal
image_0196.jpg	normal
image_0197.jpg	normal
image_0198.jpg	normal
image_0199.jpg	normal
image_0200.jpg	normal
image_0201.jpg	normal
image_0202.jpg	normal
image_0203.jpg	normal
image_0204.jpg	normal
image_0205.jpg	normal
image_0206.jpg	normal
image_0207.jpg	normal
image_0208.jpg	normal
image_0209.jpg	normal
image_0210.jpg	normal
image_0211.jpg	normal
image_0212.jpg	normal
image_0213.jpg	normal
image_0214.jpg	normal
image_0215.jpg	normal
image_0216.jpg	normal
image_0217.jpg	normal
image_0218.jpg	normal
image_0219.jpg	normal
image_0220.jpg	normal
image_0221.jpg	normal
image_0222.jpg	normal
image_0223.jpg	normal
image_0224.jpg	normal
image_0225.jpg	normal
image_0226.jpg	normal
image_0227.jpg	normal
image_0228.jpg	normal
image_0229.jpg	normal
image_0230.jpg	normal
image_0231.jpg	normal
image_0232.jpg	normal
image_0233.jpg	normal
image_0234.jpg	normal
image_0235.jpg	normal
image_0236.jpg	normal
image_0237.jpg	normal
image_0238.jpg	normal
image_0239.jpg	normal
image_0240.jpg	normal
image_0241.jpg	normal
image_0242.jpg	normal
image_0243.jpg	normal
image_0244.jpg	normal
image_0245.jpg	normal
image_0246.jpg	normal
image_0247.jpg	normal
image_0248.jpg	normal
image_0249.jpg	normal
image_0250.jpg	normal
image_0251.jpg	normal
image_0252.jpg	normal
image_0253.jpg	normal
image_0254.jpg	normal
image_0255.jpg	normal
image_0256.jpg	normal
image_0257.jpg	normal
image_0258.jpg	normal
image_0259.jpg	normal
image_0260.jpg	normal
image_0261.jpg	normal
image_0262.jpg	normal
image_0263.jpg	normal
image_0264.jpg	normal
image_0265.jpg	normal
image_0266.jpg	normal
image_0267.jpg	normal
image_0268.jpg	normal
image_0269.jpg	normal
image_0270.jpg	normal
image_0271.jpg	normal
image_0272.jpg	normal
image_0273.jpg	normal
image_0274.jpg	normal
image_0275.jpg	normal
image_0276.jpg	normal
image_0277.jpg	normal
image_0278.jpg	normal
image_0279.jpg	normal
image_0280.jpg	normal
image_0281.jpg	normal
image_0282.jpg	normal
image_0283.jpg	normal
image_0284.jpg	normal
image_0285.jpg	normal
image_0286.jpg	normal
image_0287.jpg	normal
image_0288.jpg	normal
image_0289.jpg	normal
image_0290.jpg	normal
image_0291.jpg	normal
image_0292.jpg	normal
image_0293.jpg	normal
image_0294.jpg	normal
image_0295.jpg	normal
image_0296.jpg	normal
image_0297.jpg	normal
image_0298.jpg	normal
image_0299.jpg	normal
image_0300.jpg	normal
image_0301.jpg	normal
image_0302.jpg	normal
image_0303.jpg	normal
image_0304.jpg	normal
image_0305.jpg	normal
image_0306.jpg	normal
image_0307.jpg	normal
image_0308.jpg	normal
image_0309.jpg	normal
image_0310.jpg	normal
image_0311.jpg	normal
image_0312.jpg	normal
image_0313.jpg	normal
image_0314.jpg	normal
image_0315.jpg	normal
image_0316.jpg	normal
image_0317.jpg	normal
image_0318.jpg	normal
image_0319.jpg	normal
image_0320.jpg	normal
image_0321.jpg	normal
image_0322.jpg	normal
image_0323.jpg	normal
image_0324.jpg	normal
image_0325.jpg	normal
image_0326.jpg	normal
image_0327.jpg	normal
image_0328.jpg	normal
image_0329.jpg	normal
image_0330.jpg	normal
image_0331.jpg	normal
image_0332.jpg	normal
image_0333.jpg	normal
image_0334.jpg	normal
image_0335.jpg	normal
image_0336.jpg	normal
image_0337.jpg	normal
image_0338.jpg	normal
image_0339.jpg	normal
image_0340.jpg	normal
image_0341.jpg	normal
image_0342.jpg	normal
image_0343.jpg	normal
image_0344.jpg	normal
image_0345.jpg	normal
image_0346.jpg	normal
image_0347.jpg	normal
image_0348.jpg	normal
image_0349.jpg	normal
image_0350.jpg	normal
image_0351.jpg	normal
image_0352.jpg	normal
image_0353.jpg	normal
image_0354.jpg	normal
image_0355.jpg	normal
image_0356.jpg	normal
image_0357.jpg	normal
image_0358.jpg	normal
image_0359.jpg	normal
image_0360.jpg	normal
image_0361.jpg	normal
image_0362.jpg	normal
image_0363.jpg	normal
image_0364.jpg	normal
image_0365.jpg	normal
image_0366.jpg	normal
image_0367.jpg	normal
image_0368.jpg	normal
image_0369.jpg	normal
image_0370.jpg	normal
image_0371.jpg	normal
image_0372.jpg	normal
image_0373.jpg	normal
image_0374.jpg	normal
image_0375.jpg	normal
image_0376.jpg	normal
image_0377.jpg	normal
image_0378.jpg	normal
image_0379.jpg	normal
image_0380.jpg	normal
image_0381.jpg	normal
image_0382.jpg	normal
image_0383.jpg	normal
image_0384.jpg	normal
image_0385.jpg	normal
image_0386.jpg	normal
image_0387.jpg	normal
image_0388.jpg	normal
image_0389.jpg	normal
image_0390.jpg	normal
image_0391.jpg	normal
image_0392.jpg	normal
image_0393.jpg	normal
image_0394.jpg	normal
image_0395.jpg	normal
image_0396.jpg	normal
image_0397.jpg	normal
image_0398.jpg	normal
image_0399.jpg	normal
image_0400.jpg	normal
image_0401.jpg	normal
image_0402.jpg	normal
image_0403.jpg	normal
image_0404.jpg	normal
image_0405.jpg	normal
image_0406.jpg	normal
image_0407.jpg	normal
image_0408.jpg	normal
image_0409.jpg	normal
image_0410.jpg	normal
image_0411.jpg	normal
image_0412.jpg	normal
image_0413.jpg	normal
image_0414.jpg	normal
image_0415.jpg	normal
image_0416.jpg	normal
image_0417.jpg	normal
image_0418.jpg	normal
image_0419.jpg	normal
image_0420.jpg	normal
image_0421.jpg	normal
image_0422.jpg	normal
image_0423.jpg	normal
image_0424.jpg	normal
image_0425.jpg	normal
image_0426.jpg	normal
image_0427.jpg	normal
image_0428.jpg	normal
image_0429.jpg	normal
image_0430.jpg	normal
image_0431.jpg	normal
image_0432.jpg	normal
image_0433.jpg	normal
image_0434.jpg	normal
image_0435.jpg	normal
image_0436.jpg	normal
image_0437.jpg	normal
image_0438.jpg	normal
image_0439.jpg	normal
image_0440.jpg	normal
image_0441.jpg	normal
image_0442.jpg	normal
image_0443.jpg	normal
image_0444.jpg	normal
image_0445.jpg	normal
image_0446.jpg	normal
image_0447.jpg	normal
image_0448.jpg	normal
image_0449.jpg	normal
image_0450.jpg	normal
image_0451.jpg	normal
image_0452.jpg	normal
image_0453.jpg	normal
image_0454.jpg	normal
image_0455.jpg	normal
image_0456.jpg	normal
image_0457.jpg	normal
image_0458.jpg	normal
image_0459.jpg	normal
image_0460.jpg	normal
image_0461.jpg	normal
image_0462.jpg	normal
image_0463.jpg	normal
image_0464.jpg	normal
image_0465.jpg	normal
image_0466.jpg	normal
image_0467.jpg	normal
image_0468.jpg	normal
image_0469.jpg	normal
image_0470.jpg	normal
image_0471.jpg	normal
image_0472.jpg	normal
image_0473.jpg	normal
image_0474.jpg	normal
image_0475.jpg	normal
image_0476.jpg	normal
image_0477.jpg	normal
image_0478.jpg	normal
image_0479.jpg	normal
image_0480.jpg	normal
image_0481.jpg	normal
image_0482.jpg	normal
image_0483.jpg	normal
image_0484.jpg	normal
image_0485.jpg	normal
image_0486.jpg	normal
image_0487.jpg	normal
image_0488.jpg	normal
image_0489.jpg	normal
image_0490.jpg	normal
image_0491.jpg	normal
image_0492.jpg	normal
image_0493.jpg	normal
image_0494.jpg	normal
image_0495.jpg	normal
image_0496.jpg	normal
image_0497.jpg	normal
image_0498.jpg	normal
image_0499.jpg	normal
image_0500.jpg	normal
image_0501.jpg	normal
image_0502.jpg	normal
image_0503.jpg	normal
image_0504.jpg	normal
image_0505.jpg	normal
image_0506.jpg	normal
image_0507.jpg	normal
image_0508.jpg	normal
image_0509.jpg	normal
image_0510.jpg	normal
image_0511.jpg	normal
image_0512.jpg	normal
image_0513.jpg	normal
image_0514.jpg	normal
image_0515.jpg	normal
image_0516.jpg	normal
image_0517.jpg	normal
image_0518.jpg	normal
image_0519.jpg	normal
image_0520.jpg	normal
image_0521.jpg	normal
image_0522.jpg	normal
image_0523.jpg	normal
image_0524.jpg	normal
image_0525.jpg	normal
image_0526.jpg	normal
image_0527.jpg	normal
image_0528.jpg	normal
image_0529.jpg	normal
image_0530.jpg	normal
image_0531.jpg	normal
image_0532.jpg	normal
image_0533.jpg	normal
image_0534.jpg	normal
image_0535.jpg	normal
image_0536.jpg	normal
image_0537.jpg	normal
image_0538.jpg	normal
image_0539.jpg	normal
image_0540.jpg	normal
image_0541.jpg	normal
image_0542.jpg	normal
image_0543.jpg	normal
image_0544.jpg	normal
image_0545.jpg	normal
image_0546.jpg	normal
image_0547.jpg	normal
image_0548.jpg	normal
image_0549.jpg	normal
image_0550.jpg	normal
image_0551.jpg	normal
image_0552.jpg	normal
image_0553.jpg	normal
image_0554.jpg	normal
image_0555.jpg	normal
image_0556.jpg	normal
image_0557.jpg	normal
image_0558.jpg	normal
image_0559.jpg	normal
image_0560.jpg	normal
image_0561.jpg	normal
image_0562.jpg	normal
image_0563.jpg	normal
image_0564.jpg	normal
image_0565.jpg	normal
image_0566.jpg	normal
image_0567.jpg	normal
image_0568.jpg	normal
image_0569.jpg	normal
image_0570.jpg	normal
image_0571.jpg	normal
image_0572.jpg	normal
image_0573.jpg	normal
image_0574.jpg	normal
image_0575.jpg	normal
image_0576.jpg	normal
image_0577.jpg	normal
image_0578.jpg	normal
image_0579.jpg	normal
image_0580.jpg	normal
image_0581.jpg	normal
image_0582.jpg	normal
image_0583.jpg	normal
image_0584.jpg	normal
image_0585.jpg	normal
image_0586.jpg	normal
image_0587.jpg	normal
image_0588.jpg	normal
image_0589.jpg	normal
image_0590.jpg	normal
image_0591.jpg	normal
image_0592.jpg	normal
image_0593.jpg	normal
image_0594.jpg	normal
image_0595.jpg	normal
image_0596.jpg	normal
image_0597.jpg	normal
image_0598.jpg	normal
image_0599.jpg	normal
image_0600.jpg	normal
image_0601.jpg	normal
image_0602.jpg	normal
image_0603.jpg	normal
image_0604.jpg	normal
image_0605.jpg	normal
image_0606.jpg	normal
image_0607.jpg	normal
image_0608.jpg	normal
image_0609.jpg	normal
image_0610.jpg	normal
image_0611.jpg	normal
image_0612.jpg	normal
image_0613.jpg	normal
image_0614.jpg	normal
image_0615.jpg	normal
image_0616.jpg	normal
image_0617.jpg	normal
image_0618.jpg	normal
image_0619.jpg	normal
image_0620.jpg	normal
image_0621.jpg	normal
image_0622.jpg	normal
image_0623.jpg	normal
image_0624.jpg	normal
image_0625.jpg	normal
image_0626.jpg	normal
image_0627.jpg	normal
image_0628.jpg	normal
image_0629.jpg	normal
image_0630.jpg	normal
image_0631.jpg	normal
image_0632.jpg	normal
image_0633.jpg	normal
image_0634.jpg	normal
image_0635.jpg	normal
image_0636.jpg	normal
image_0637.jpg	normal
image_0638.jpg	normal
image_0639.jpg	normal
image_0640.jpg	normal
image_0641.jpg	normal
image_0642.jpg	normal
image_0643.jpg	normal
image_0644.jpg	normal
image_0645.jpg	normal
image_0646.jpg	normal
image_0647.jpg	normal
image_0648.jpg	normal
image_0649.jpg	normal
image_0650.jpg	normal
image_0651.jpg	normal
image_0652.jpg	normal
image_0653.jpg	normal
image_0654.jpg	normal
image_0655.jpg	normal
image_0656.jpg	normal
image_0657.jpg	normal
image_0658.jpg	normal
image_0659.jpg	normal
image_0660.jpg	normal
image_0661.jpg	normal
image_0662.jpg	normal
image_0663.jpg	normal
image_0664.jpg	normal
image_0665.jpg	normal
image_0666.jpg	normal
image_0667.jpg	normal
image_0668.jpg	normal
image_0669.jpg	normal
image_0670.jpg	normal
image_0671.jpg	normal
image_0672.jpg	normal
image_0673.jpg	normal
image_0674.jpg	normal
image_0675.jpg	normal
image_0676.jpg	normal
image_0677.jpg	normal
image_0678.jpg	normal
image_0679.jpg	normal
image_0680.jpg	normal
image_0681.jpg	normal
image_0682.jpg	normal
image_0683.jpg	normal
image_0684.jpg	normal
image_0685.jpg	normal
image_0686.jpg	normal
image_0687.jpg	normal
image_0688.jpg	normal
image_0689.jpg	normal
image_0690.jpg	normal
image_0691.jpg	normal
image_0692.jpg	normal
image_0693.jpg	normal
image_0694.jpg	normal
image_0695.jpg	normal
image_0696.jpg	normal
image_0697.jpg	normal
image_0698.jpg	normal
image_0699.jpg	normal
image_0700.jpg	normal
image_0701.jpg	normal
image_0702.jpg	normal
image_0703.jpg	normal
image_0704.jpg	normal
image_0705.jpg	normal
image_0706.jpg	normal
image_0707.jpg	normal
image_0708.jpg	normal
image_0709.jpg	normal
image_0710.jpg	normal
image_0711.jpg	normal
image_0712.jpg	normal
image_0713.jpg	normal
image_0714.jpg	normal
image_0715.jpg	normal
image_0716.jpg	normal
image_0717.jpg	normal
image_0718.jpg	normal
image_0719.jpg	normal
image_0720.jpg	normal
image_0721.jpg	normal
image_0722.jpg	normal
image_0723.jpg	normal
image_0724.jpg	normal
image_0725.jpg	normal
image_0726.jpg	normal
image_0727.jpg	normal
image_0728.jpg	normal
image_0729.jpg	normal
image_0730.jpg	normal
image_0731.jpg	normal
image_0732.jpg	normal
image_0733.jpg	normal
image_0734.jpg	normal
image_0735.jpg	normal
image_0736.jpg	normal
image_0737.jpg	normal
image_0738.jpg	normal
image_0739.jpg	normal
image_0740.jpg	normal
image_0741.jpg	normal
image_0742.jpg	normal
image_0743.jpg	normal
image_0744.jpg	normal
image_0745.jpg	normal
image_0746.jpg	normal
image_0747.jpg	normal
image_0748.jpg	normal
image_0749.jpg	normal
image_0750.jpg	normal
image_0751.jpg	normal
image_0752.jpg	normal
image_0753.jpg	normal
image_0754.jpg	normal
image_0755.jpg	normal
image_0756.jpg	normal
image_0757.jpg	normal
image_0758.jpg	normal
image_0759.jpg	normal
image_0760.jpg	normal
image_0761.jpg	normal
image_0762.jpg	normal
image_0763.jpg	normal
image_0764.jpg	normal
image_0765.jpg	normal
image_0766.jpg	normal
image_0767.jpg	normal
image_0768.jpg	normal
image_0769.jpg	normal
image_0770.jpg	normal
image_0771.jpg	normal
image_0772.jpg	normal
image_0773.jpg	normal
image_0774.jpg	normal
image_0775.jpg	normal
image_0776.jpg	normal
image_0777.jpg	normal
image_0778.jpg	normal
image_0779.jpg	normal
image_0780.jpg	normal
image_0781.jpg	normal
image_0782.jpg	normal
image_0783.jpg	normal
image_0784.jpg	normal
image_0785.jpg	normal
image_0786.jpg	normal
image_0787.jpg	normal
image_0788.jpg	normal
image_0789.jpg	normal
image_0790.jpg	normal
image_0791.jpg	normal
image_0792.jpg	normal
image_0793.jpg	normal
image_0794.jpg	normal
image_0795.jpg	normal
image_0796.jpg	normal
image_0797.jpg	normal
image_0798.jpg	normal
image_0799.jpg	normal
image_0800.jpg	normal
image_0801.jpg	normal
image_0802.jpg	normal
image_0803.jpg	normal
image_0804.jpg	normal
image_0805.jpg	normal
image_0806.jpg	normal
image_0807.jpg	normal
image_0808.jpg	normal
image_0809.jpg	normal
image_0810.jpg	normal
image_0811.jpg	normal
image_0812.jpg	normal
image_0813.jpg	normal
image_0814.jpg	normal
image_0815.jpg	normal
image_0816.jpg	normal
image_0817.jpg	normal
image_0818.jpg	normal
image_0819.jpg	normal
image_0820.jpg	normal
image_0821.jpg	normal
image_0822.jpg	normal
image_0823.jpg	normal
image_0824.jpg	normal
image_0825.jpg	normal
image_0826.jpg	normal
image_0827.jpg	normal
image_0828.jpg	normal
image_0829.jpg	normal
image_0830.jpg	normal
image_0831.jpg	normal
image_0832.jpg	normal
image_0833.jpg	normal
image_0834.jpg	normal
image_0835.jpg	normal
image_0836.jpg	normal
image_0837.jpg	normal
image_0838.jpg	normal
image_0839.jpg	normal
image_0840.jpg	normal
image_0841.jpg	normal
image_0842.jpg	normal
image_0843.jpg	normal
image_0844.jpg	normal
image_0845.jpg	normal
image_0846.jpg	normal
image_0847.jpg	normal
image_0848.jpg	normal
image_0849.jpg	normal
image_0850.jpg	normal
image_0851.jpg	normal
image_0852.jpg	normal
image_0853.jpg	normal
image_0854.jpg	normal
image_0855.jpg	normal
image_0856.jpg	normal
image_0857.jpg	normal
image_0858.jpg	normal
image_0859.jpg	normal
image_0860.jpg	normal
image_0861.jpg	normal
image_0862.jpg	normal
image_0863.jpg	normal
image_0864.jpg	normal
image_0865.jpg	normal
image_0866.jpg	normal
image_0867.jpg	normal
image_0868.jpg	normal
image_0869.jpg	normal
image_0870.jpg	normal
image_0871.jpg	normal
image_0872.jpg	normal
image_0873.jpg	normal
image_0874.jpg	normal
image_0875.jpg	normal
image_0876.jpg	normal
image_0877.jpg	normal
image_0878.jpg	normal
image_0879.jpg	normal
image_0880.jpg	normal
image_0881.jpg	normal
image_0882.jpg	normal
image_0883.jpg	normal
image_0884.jpg	normal
image_0885.jpg	normal
image_0886.jpg	normal
image_0887.jpg	normal
image_0888.jpg	normal
image_0889.jpg	normal
image_0890.jpg	normal
image_0891.jpg	normal
image_0892.jpg	normal
image_0893.jpg	normal
image_0894.jpg	normal
image_0895.jpg	normal
image_0896.jpg	normal
image_0897.jpg	normal
image_0898.jpg	normal
image_0899.jpg	normal
image_0900.jpg	normal
image_0901.jpg	normal
image_0902.jpg	normal
image_0903.jpg	normal
image_0904.jpg	normal
image_0905.jpg	normal
image_0906.jpg	normal
image_0907.jpg	normal
image_0908.jpg	normal
image_0909.jpg	normal
image_0910.jpg	normal
image_0911.jpg	normal
image_0912.jpg	normal
image_0913.jpg	normal
image_0914.jpg	normal
image_0915.jpg	normal
image_0916.jpg	normal
image_0917.jpg	normal
image_0918.jpg	normal
image_0919.jpg	normal
image_0920.jpg	normal
image_0921.jpg	normal
image_0922.jpg	normal
image_0923.jpg	normal
image_0924.jpg	normal
image_0925.jpg	normal
image_0926.jpg	normal
image_0927.jpg	normal
image_0928.jpg	normal
image_0929.jpg	normal
image_0930.jpg	normal
image_0931.jpg	normal
image_0932.jpg	normal
image_0933.jpg	normal
image_0934.jpg	normal
image_0935.jpg	normal
image_0936.jpg	normal
image_0937.jpg	normal
image_0938.jpg	normal
image_0939.jpg	normal
image_0940.jpg	normal
image_0941.jpg	normal
image_0942.jpg	normal
image_0943.jpg	normal
image_0944.jpg	normal
image_0945.jpg	normal
image_0946.jpg	normal
image_0947.jpg	normal
image_0948.jpg	normal
image_0949.jpg	normal
image_0950.jpg	normal
image_0951.jpg	normal
image_0952.jpg	normal
image_0953.jpg	normal
image_0954.jpg	normal
image_0955.jpg	normal
image_0956.jpg	normal
image_0957.jpg	normal
image_0958.jpg	normal
image_0959.jpg	normal
image_0960.jpg	normal
image_0961.jpg	normal
image_0962.jpg	normal
image_0963.jpg	normal
image_0964.jpg	normal
image_0965.jpg	normal
image_0966.jpg	normal
image_0967.jpg	normal
image_0968.jpg	normal
image_0969.jpg	normal
image_0970.jpg	normal
image_0971.jpg	normal
image_0972.jpg	normal
image_0973.jpg	normal
image_0974.jpg	normal
image_0975.jpg	normal
image_0976.jpg	normal
image_0977.jpg	normal
image_0978.jpg	normal
image_0979.jpg	normal
image_0980.jpg	normal
image_0981.jpg	normal
image_0982.jpg	normal
image_0983.jpg	normal
image_0984.jpg	normal
image_0985.jpg	normal
image_0986.jpg	normal
image_0987.jpg	normal
image_0988.jpg	normal
image_0989.jpg	normal
image_0990.jpg	normal
image_0991.jpg	normal
image_0992.jpg	normal
image_0993.jpg	normal
image_0994.jpg	normal
image_0995.jpg	normal
image_0996.jpg	normal
image_0997.jpg	normal
image_0998.jpg	normal
image_0999.jpg	normal
image_1000.jpg	normal
image_1001.jpg	normal
image_1002.jpg	normal
image_1003.jpg	normal
image_1004.jpg	normal
image_1005.jpg	normal
image_1006.jpg	normal
image_1007.jpg	normal
image_1008.jpg	normal
image_1009.jpg	normal
image_1010.jpg	normal
image_1011.jpg	normal
image_1012.jpg	normal
image_1013.jpg	normal
image_1014.jpg	normal
image_1015.jpg	normal
image_1016.jpg	normal
image_1017.jpg	normal
image_1018.jpg	normal
image_1019.jpg	normal
image_1020.jpg	normal
image_1021.jpg	normal
image_1022.jpg	normal
image_1023.jpg	normal
image_1024.jpg	normal
image_1025.jpg	normal
image_1026.jpg	normal
image_1027.jpg	normal
image_1028.jpg	normal
image_1029.jpg	normal
image_1030.jpg	normal
image_1031.jpg	normal
image_1032.jpg	normal
image_1033.jpg	normal
image_1034.jpg	normal
image_1035.jpg	normal
image_1036.jpg	normal
image_1037.jpg	normal
image_1038.jpg	normal
image_1039.jpg	normal
image_1040.jpg	normal
image_1041.jpg	normal
image_1042.jpg	normal
image_1043.jpg	normal
image_1044.jpg	normal
image_1045.jpg	normal
image_1046.jpg	normal
image_1047.jpg	normal
image_1048.jpg	normal
image_1049.jpg	normal
image_1050.jpg	normal
image_1051.jpg	normal
image_1052.jpg	normal
image_1053.jpg	normal
image_1054.jpg	normal
image_1055.jpg	normal
image_1056.jpg	normal
image_1057.jpg	normal
image_1058.jpg	normal
image_1059.jpg	normal
image_1060.jpg	normal
image_1061.jpg	normal
image_1062.jpg	normal
image_1063.jpg	normal
image_1064.jpg	normal
image_1065.jpg	normal
image_1066.jpg	normal
image_1067.jpg	normal
image_1068.jpg	normal
image_1069.jpg	normal
image_1070.jpg	normal
image_1071.jpg	normal
image_1072.jpg	normal
image_1073.jpg	normal
image_1074.jpg	normal
image_1075.jpg	normal
image_1076.jpg	normal
image_1077.jpg	normal
image_1078.jpg	normal
image_1079.jpg	normal
image_1080.jpg	normal
image_1081.jpg	normal
image_1082.jpg	normal
image_1083.jpg	normal
image_1084.jpg	normal
image_1085.jpg	normal
image_1086.jpg	normal
image_1087.jpg	normal
image_1088.jpg	normal
image_1089.jpg	normal
image_1090.jpg	normal
image_1091.jpg	normal
image_1092.jpg	normal
image_1093.jpg	normal
image_1094.jpg	normal
image_1095.jpg	normal
image_1096.jpg	normal
image_1097.jpg	normal
image_1098.jpg	normal
image_1099.jpg	normal
image_1100.jpg	normal
image_1101.jpg	normal
image_1102.jpg	normal
image_1103.jpg	normal
image_1104.jpg	normal
image_1105.jpg	normal
image_1106.jpg	normal
image_1107.jpg	normal
image_1108.jpg	normal
image_1109.jpg	normal
image_1110.jpg	normal
image_1111.jpg	normal
image_1112.jpg	normal
image_1113.jpg	normal
image_1114.jpg	normal
image_1115.jpg	normal
image_1116.jpg	normal
image_1117.jpg	normal
image_1118.jpg	normal
image_1119.jpg	normal
image_1120.jpg	normal
image_1121.jpg	normal
image_1122.jpg	normal
image_1123.jpg	normal
image_1124.jpg	normal
image_1125.jpg	normal
image_1126.jpg	normal
image_1127.jpg	normal
image_1128.jpg	normal
image_1129.jpg	normal
image_1130.jpg	normal
image_1131.jpg	normal
image_1132.jpg	normal
image_1133.jpg	normal
image_1134.jpg	normal
image_1135.jpg	normal
image_1136.jpg	normal
image_1137.jpg	normal
image_1138.jpg	normal
image_1139.jpg	normal
image_1140.jpg	normal
image_1141.jpg	normal
image_1142.jpg	normal
image_1143.jpg	normal
image_1144.jpg	normal
image_1145.jpg	normal
image_1146.jpg	normal
image_1147.jpg	normal
image_1148.jpg	normal
image_1149.jpg	normal
image_1150.jpg	normal
image_1151.jpg	normal
image_1152.jpg	normal
image_1153.jpg	normal
image_1154.jpg	normal
image_1155.jpg	normal
image_1156.jpg	normal
image_1157.jpg	normal
image_1158.jpg	normal
image_1159.jpg	normal
image_1160.jpg	normal
image_1161.jpg	normal
image_1162.jpg	normal
image_1163.jpg	normal
image_1164.jpg	normal
image_1165.jpg	normal
image_1166.jpg	normal
image_1167.jpg	normal
image_1168.jpg	normal
image_1169.jpg	normal
image_1170.jpg	normal
image_1171.jpg	normal
image_1172.jpg	normal
image_1173.jpg	normal
image_1174.jpg	normal
image_1175.jpg	normal
image_1176.jpg	normal
image_1177.jpg	normal
image_1178.jpg	normal
image_1179.jpg	normal
image_1180.jpg	normal
image_1181.jpg	normal
image_1182.jpg	normal
image_1183.jpg	normal
image_1184.jpg	normal
image_1185.jpg	normal
image_1186.jpg	normal
image_1187.jpg	normal
image_1188.jpg	normal
image_1189.jpg	normal
image_1190.jpg	normal
image_1191.jpg	normal
image_1192.jpg	normal
image_1193.jpg	normal
image_1194.jpg	normal
image_1195.jpg	normal
image_1196.jpg	normal
image_1197.jpg	normal
image_1198.jpg	normal
image_1199.jpg	normal
image_1200.jpg	normal
image_1201.jpg	normal
image_1202.jpg	normal
image_1203.jpg	normal
image_1204.jpg	normal
image_1205.jpg	normal
image_1206.jpg	normal
image_1207.jpg	normal
image_1208.jpg	normal
image_1209.jpg	normal
image_1210.jpg	normal
image_1211.jpg	normal
image_1212.jpg	normal
image_1213.jpg	normal
image_1214.jpg	normal
image_1215.jpg	normal
image_1216.jpg	normal
image_1217.jpg	normal
image_1218.jpg	normal
image_1219.jpg	normal
image_1220.jpg	normal
image_1221.jpg	normal
image_1222.jpg	normal
image_1223.jpg	normal
image_1224.jpg	normal
image_1225.jpg	normal
image_1226.jpg	normal
image_1227.jpg	normal
image_1228.jpg	normal
image_1229.jpg	normal
image_1230.jpg	normal
image_1231.jpg	normal
image_1232.jpg	normal
image_1233.jpg	normal
image_1234.jpg	normal
image_1235.jpg	normal
image_1236.jpg	normal
image_1237.jpg	normal
image_1238.jpg	normal
image_1239.jpg	normal
image_1240.jpg	normal
image_1241.jpg	normal
image_1242.jpg	normal
image_1243.jpg	normal
image_1244.jpg	normal
image_1245.jpg	normal
image_1246.jpg	normal
image_1247.jpg	normal
image_1248.jpg	normal
image_1249.jpg	normal
image_1250.jpg	normal
image_1251.jpg	normal
image_1252.jpg	normal
image_1253.jpg	normal
image_1254.jpg	normal
image_1255.jpg	normal
image_1256.jpg	normal
image_1257.jpg	normal
image_1258.jpg	normal
image_1259.jpg	normal
image_1260.jpg	normal
image_1261.jpg	normal
image_1262.jpg	normal
image_1263.jpg	normal
image_1264.jpg	normal
image_1265.jpg	normal
image_1266.jpg	normal
image_1267.jpg	normal
image_1268.jpg	normal
image_1269.jpg	normal
image_1270.jpg	normal
image_1271.jpg	normal
image_1272.jpg	normal
image_1273.jpg	normal
image_1274.jpg	normal
image_1275.jpg	normal
image_1276.jpg	normal
image_1277.jpg	normal
image_1278.jpg	normal
image_1279.jpg	normal
image_1280.jpg	normal
image_1281.jpg	normal
image_1282.jpg	normal
image_1283.jpg	normal
image_1284.jpg	normal
image_1285.jpg	normal
image_1286.jpg	normal
image_1287.jpg	normal
image_1288.jpg	normal
image_1289.jpg	normal
image_1290.jpg	normal
image_1291.jpg	normal
image_1292.jpg	normal
image_1293.jpg	normal
image_1294.jpg	normal
image_1295.jpg	normal
image_1296.jpg	normal
image_1297.jpg	normal
image_1298.jpg	normal
image_1299.jpg	normal
image_1300.jpg	normal
image_1301.jpg	normal
image_1302.jpg	normal
image_1303.jpg	normal
image_1304.jpg	normal
image_1305.jpg	normal
image_1306.jpg	normal
image_1307.jpg	normal
image_1308.jpg	normal
image_1309.jpg	normal
image_1310.jpg	normal
image_1311.jpg	normal
image_1312.jpg	normal
image_1313.jpg	normal
image_1314.jpg	normal
image_1315.jpg	normal
image_1316.jpg	normal
image_1317.jpg	normal
image_1318.jpg	normal
image_1319.jpg	normal
image_1320.jpg	normal
image_1321.jpg	normal
image_1322.jpg	normal
image_1323.jpg	normal
image_1324.jpg	normal
image_1325.jpg	normal
image_1326.jpg	normal
image_1327.jpg	normal
image_1328.jpg	normal
image_1329.jpg	normal
image_1330.jpg	normal
image_1331.jpg	normal
image_1332.jpg	normal
image_1333.jpg	normal
image_1334.jpg	normal
image_1335.jpg	normal
image_1336.jpg	normal
image_1337.jpg	normal
image_1338.jpg	normal
image_1339.jpg	normal
image_1340.jpg	normal
image_1341.jpg	normal
image_1342.jpg	normal
image_1343.jpg	normal
image_1344.jpg	normal
image_1345.jpg	normal
image_1346.jpg	normal
image_1347.jpg	normal
image_1348.jpg	normal
image_1349.jpg	normal
image_1350.jpg	normal
image_1351.jpg	normal
image_1352.jpg	normal
image_1353.jpg	normal
image_1354.jpg	normal
image_1355.jpg	retinoblastoma
image_1356.jpg	retinoblastoma
image_1357.jpg	retinoblastoma
image_1358.jpg	retinoblastoma
image_1359.jpg	retinoblastoma
image_1360.jpg	retinoblastoma
image_1361.jpg	retinoblastoma
image_1362.jpg	retinoblastoma
image_1363.jpg	retinoblastoma
image_1364.jpg	retinoblastoma
image_1365.jpg	retinoblastoma
image_1366.jpg	retinoblastoma
image_1367.jpg	retinoblastoma
image_1368.jpg	retinoblastoma
image_1369.jpg	retinoblastoma
image_1370.jpg	retinoblastoma
image_1371.jpg	retinoblastoma
image_1372.jpg	retinoblastoma
image_1373.jpg	retinoblastoma
image_1374.jpg	retinoblastoma
image_1375.jpg	retinoblastoma
image_1376.jpg	retinoblastoma
image_1377.jpg	retinoblastoma
image_1378.jpg	retinoblastoma
image_1379.jpg	retinoblastoma
image_1380.jpg	retinoblastoma
image_1381.jpg	retinoblastoma
image_1382.jpg	retinoblastoma
image_1383.jpg	retinoblastoma
image_1384.jpg	retinoblastoma
image_1385.jpg	retinoblastoma
image_1386.jpg	retinoblastoma
image_1387.jpg	retinoblastoma
image_1388.jpg	retinoblastoma
image_1389.jpg	retinoblastoma
image_1390.jpg	retinoblastoma
image_1391.jpg	retinoblastoma
image_1392.jpg	retinoblastoma
image_1393.jpg	retinoblastoma
image_1394.jpg	retinoblastoma
image_1395.jpg	retinoblastoma
image_1396.jpg	retinoblastoma
image_1397.jpg	retinoblastoma
image_1398.jpg	retinoblastoma
image_1399.jpg	retinoblastoma
image_1400.jpg	retinoblastoma
image_1401.jpg	retinoblastoma
image_1402.jpg	retinoblastoma
image_1403.jpg	retinoblastoma
image_1404.jpg	retinoblastoma
image_1405.jpg	retinoblastoma
image_1406.jpg	retinoblastoma
image_1407.jpg	retinoblastoma
image_1408.jpg	retinoblastoma
image_1409.jpg	retinoblastoma
image_1410.jpg	retinoblastoma
image_1411.jpg	retinoblastoma
image_1412.jpg	retinoblastoma
image_1413.jpg	retinoblastoma
image_1414.jpg	retinoblastoma
image_1415.jpg	retinoblastoma
image_1416.jpg	retinoblastoma
image_1417.jpg	retinoblastoma
image_1418.jpg	retinoblastoma
image_1419.jpg	retinoblastoma
image_1420.jpg	retinoblastoma
image_1421.jpg	retinoblastoma
image_1422.jpg	retinoblastoma
image_1423.jpg	retinoblastoma
image_1424.jpg	retinoblastoma
image_1425.jpg	retinoblastoma
image_1426.jpg	retinoblastoma
image_1427.jpg	retinoblastoma
image_1428.jpg	retinoblastoma
image_1429.jpg	retinoblastoma
image_1430.jpg	retinoblastoma
image_1431.jpg	retinoblastoma
image_1432.jpg	retinoblastoma
image_1433.jpg	retinoblastoma
image_1434.jpg	retinoblastoma
image_1435.jpg	retinoblastoma
image_1436.jpg	retinoblastoma
image_1437.jpg	retinoblastoma
image_1438.jpg	retinoblastoma
image_1439.jpg	retinoblastoma
image_1440.jpg	retinoblastoma
image_1441.jpg	retinoblastoma
image_1442.jpg	retinoblastoma
image_1443.jpg	retinoblastoma
image_1444.jpg	retinoblastoma
image_1445.jpg	retinoblastoma
image_1446.jpg	retinoblastoma
image_1447.jpg	retinoblastoma
image_1448.jpg	retinoblastoma
image_1449.jpg	retinoblastoma
image_1450.jpg	retinoblastoma
image_1451.jpg	retinoblastoma
image_1452.jpg	retinoblastoma
image_1453.jpg	retinoblastoma
image_1454.jpg	retinoblastoma
image_1455.jpg	retinoblastoma
image_1456.jpg	retinoblastoma
image_1457.jpg	retinoblastoma
image_1458.jpg	retinoblastoma
image_1459.jpg	retinoblastoma
image_1460.jpg	retinoblastoma
image_1461.jpg	retinoblastoma
image_1462.jpg	retinoblastoma
image_1463.jpg	retinoblastoma
image_1464.jpg	retinoblastoma
image_1465.jpg	retinoblastoma
image_1466.jpg	retinoblastoma
image_1467.jpg	retinoblastoma
image_1468.jpg	retinoblastoma
image_1469.jpg	retinoblastoma
image_1470.jpg	retinoblastoma
image_1471.jpg	retinoblastoma
image_1472.jpg	retinoblastoma
image_1473.jpg	retinoblastoma
image_1474.jpg	retinoblastoma
image_1475.jpg	retinoblastoma
image_1476.jpg	retinoblastoma
image_1477.jpg	retinoblastoma
image_1478.jpg	retinoblastoma
image_1479.jpg	retinoblastoma
image_1480.jpg	retinoblastoma
image_1481.jpg	retinoblastoma
image_1482.jpg	retinoblastoma
image_1483.jpg	retinoblastoma
image_1484.jpg	retinoblastoma
image_1485.jpg	retinoblastoma
image_1486.jpg	retinoblastoma
image_1487.jpg	retinoblastoma
image_1488.jpg	retinoblastoma
image_1489.jpg	retinoblastoma
image_1490.jpg	retinoblastoma
image_1491.jpg	retinoblastoma
image_1492.jpg	retinoblastoma
image_1493.jpg	retinoblastoma
image_1494.jpg	retinoblastoma
image_1495.jpg	retinoblastoma
image_1496.jpg	retinoblastoma
image_1497.jpg	retinoblastoma
image_1498.jpg	retinoblastoma
image_1499.jpg	retinoblastoma
image_1500.jpg	retinoblastoma
image_1501.jpg	retinoblastoma
image_1502.jpg	retinoblastoma
image_1503.jpg	retinoblastoma
image_1504.jpg	retinoblastoma
image_1505.jpg	retinoblastoma
image_1506.jpg	retinoblastoma
image_1507.jpg	retinoblastoma
image_1508.jpg	retinoblastoma
image_1509.jpg	retinoblastoma
image_1510.jpg	retinoblastoma
image_1511.jpg	retinoblastoma
image_1512.jpg	retinoblastoma
image_1513.jpg	retinoblastoma
image_1514.jpg	retinoblastoma
image_1515.jpg	retinoblastoma
image_1516.jpg	retinoblastoma
image_1517.jpg	retinoblastoma
image_1518.jpg	retinoblastoma
image_1519.jpg	retinoblastoma
image_1520.jpg	retinoblastoma
image_1521.jpg	retinoblastoma
image_1522.jpg	retinoblastoma
image_1523.jpg	retinoblastoma
image_1524.jpg	retinoblastoma
image_1525.jpg	retinoblastoma
image_1526.jpg	retinoblastoma
image_1527.jpg	retinoblastoma
image_1528.jpg	retinoblastoma
image_1529.jpg	retinoblastoma
image_1530.jpg	retinoblastoma
image_1531.jpg	retinoblastoma
image_1532.jpg	retinoblastoma
image_1533.jpg	retinoblastoma
image_1534.jpg	retinoblastoma
image_1535.jpg	retinoblastoma
image_1536.jpg	retinoblastoma
image_1537.jpg	retinoblastoma
image_1538.jpg	retinoblastoma
image_1539.jpg	retinoblastoma
image_1540.jpg	retinoblastoma
image_1541.jpg	retinoblastoma
image_1542.jpg	retinoblastoma
image_1543.jpg	retinoblastoma
image_1544.jpg	retinoblastoma
image_1545.jpg	retinoblastoma
image_1546.jpg	retinoblastoma
image_1547.jpg	retinoblastoma
image_1548.jpg	retinoblastoma
image_1549.jpg	retinoblastoma
image_1550.jpg	retinoblastoma
image_1551.jpg	retinoblastoma
image_1552.jpg	retinoblastoma
image_1553.jpg	retinoblastoma
image_1554.jpg	retinoblastoma
image_1555.jpg	retinoblastoma
image_1556.jpg	retinoblastoma
image_1557.jpg	retinoblastoma
image_1558.jpg	retinoblastoma
image_1559.jpg	retinoblastoma
image_1560.jpg	retinoblastoma
image_1561.jpg	retinoblastoma
image_1562.jpg	retinoblastoma
image_1563.jpg	retinoblastoma
image_1564.jpg	retinoblastoma
image_1565.jpg	retinoblastoma
image_1566.jpg	retinoblastoma
image_1567.jpg	retinoblastoma
image_1568.jpg	retinoblastoma
image_1569.jpg	retinoblastoma
image_1570.jpg	retinoblastoma
image_1571.jpg	retinoblastoma
image_1572.jpg	retinoblastoma
image_1573.jpg	retinoblastoma
image_1574.jpg	retinoblastoma
image_1575.jpg	retinoblastoma
image_1576.jpg	retinoblastoma
image_1577.jpg	retinoblastoma
image_1578.jpg	retinoblastoma
image_1579.jpg	retinoblastoma
image_1580.jpg	retinoblastoma
image_1581.jpg	retinoblastoma
image_1582.jpg	retinoblastoma
image_1583.jpg	retinoblastoma
image_1584.jpg	retinoblastoma
image_1585.jpg	retinoblastoma
image_1586.jpg	retinoblastoma
image_1587.jpg	retinoblastoma
image_1588.jpg	retinoblastoma
image_1589.jpg	retinoblastoma
image_1590.jpg	retinoblastoma
image_1591.jpg	retinoblastoma
image_1592.jpg	retinoblastoma
image_1593.jpg	retinoblastoma
image_1594.jpg	retinoblastoma
image_1595.jpg	retinoblastoma
image_1596.jpg	retinoblastoma
image_1597.jpg	retinoblastoma
image_1598.jpg	retinoblastoma
image_1599.jpg	retinoblastoma
image_1600.jpg	retinoblastoma
image_1601.jpg	retinoblastoma
image_1602.jpg	retinoblastoma
image_1603.jpg	retinoblastoma
image_1604.jpg	retinoblastoma
image_1605.jpg	retinoblastoma
image_1606.jpg	retinoblastoma
image_1607.jpg	retinoblastoma
image_1608.jpg	retinoblastoma
image_1609.jpg	retinoblastoma
image_1610.jpg	choroidal_osteoma
image_1611.jpg	choroidal_osteoma
image_1612.jpg	choroidal_osteoma
image_1613.jpg	choroidal_osteoma
image_1614.jpg	choroidal_osteoma
image_1615.jpg	choroidal_osteoma
image_1616.jpg	choroidal_osteoma
image_1617.jpg	choroidal_osteoma
image_1618.jpg	choroidal_osteoma
image_1619.jpg	choroidal_osteoma
image_1620.jpg	choroidal_osteoma
image_1621.jpg	choroidal_osteoma
image_1622.jpg	choroidal_osteoma
image_1623.jpg	choroidal_osteoma
image_1624.jpg	choroidal_osteoma
image_1625.jpg	choroidal_osteoma
image_1626.jpg	choroidal_osteoma
image_1627.jpg	choroidal_osteoma
image_1628.jpg	choroidal_osteoma
image_1629.jpg	choroidal_osteoma
image_1630.jpg	choroidal_osteoma
image_1631.jpg	choroidal_osteoma
image_1632.jpg	choroidal_osteoma
image_1633.jpg	choroidal_osteoma
image_1634.jpg	choroidal_osteoma
image_1635.jpg	choroidal_osteoma
image_1636.jpg	choroidal_osteoma
image_1637.jpg	choroidal_osteoma
image_1638.jpg	choroidal_osteoma
image_1639.jpg	choroidal_osteoma
image_1640.jpg	choroidal_osteoma
image_1641.jpg	choroidal_osteoma
image_1642.jpg	choroidal_osteoma
image_1643.jpg	choroidal_osteoma
image_1644.jpg	choroidal_osteoma
image_1645.jpg	choroidal_osteoma
image_1646.jpg	choroidal_osteoma
image_1647.jpg	choroidal_osteoma
image_1648.jpg	choroidal_osteoma
image_1649.jpg	choroidal_osteoma
image_1650.jpg	choroidal_osteoma
image_1651.jpg	choroidal_osteoma
image_1652.jpg	choroidal_osteoma
image_1653.jpg	choroidal_osteoma
image_1654.jpg	choroidal_osteoma
image_1655.jpg	choroidal_osteoma
image_1656.jpg	choroidal_osteoma
image_1657.jpg	choroidal_osteoma
image_1658.jpg	choroidal_osteoma
image_1659.jpg	choroidal_osteoma
image_1660.jpg	choroidal_osteoma
image_1661.jpg	choroidal_osteoma
image_1662.jpg	choroidal_osteoma
image_1663.jpg	choroidal_osteoma
image_1664.jpg	choroidal_osteoma
image_1665.jpg	choroidal_osteoma
image_1666.jpg	choroidal_osteoma
image_1667.jpg	choroidal_osteoma
image_1668.jpg	choroidal_osteoma
image_1669.jpg	choroidal_osteoma
image_1670.jpg	choroidal_osteoma
image_1671.jpg	choroidal_osteoma
image_1672.jpg	choroidal_osteoma
image_1673.jpg	choroidal_osteoma
image_1674.jpg	choroidal_osteoma
image_1675.jpg	choroidal_osteoma
image_1676.jpg	choroidal_osteoma
image_1677.jpg	choroidal_osteoma
image_1678.jpg	choroidal_osteoma
image_1679.jpg	choroidal_osteoma
image_1680.jpg	choroidal_osteoma
image_1681.jpg	choroidal_osteoma
image_1682.jpg	choroidal_osteoma
image_1683.jpg	choroidal_osteoma
image_1684.jpg	choroidal_osteoma
image_1685.jpg	choroidal_osteoma
image_1686.jpg	choroidal_osteoma
image_1687.jpg	choroidal_osteoma
image_1688.jpg	choroidal_osteoma
image_1689.jpg	choroidal_osteoma
image_1690.jpg	uveal_melanoma
image_1691.jpg	uveal_melanoma
image_1692.jpg	uveal_melanoma
image_1693.jpg	uveal_melanoma
image_1694.jpg	uveal_melanoma
image_1695.jpg	uveal_melanoma
image_1696.jpg	uveal_melanoma
image_1697.jpg	uveal_melanoma
image_1698.jpg	uveal_melanoma
image_1699.jpg	uveal_melanoma
image_1700.jpg	uveal_melanoma
image_1701.jpg	uveal_melanoma
image_1702.jpg	uveal_melanoma
image_1703.jpg	uveal_melanoma
image_1704.jpg	uveal_melanoma
image_1705.jpg	uveal_melanoma
image_1706.jpg	uveal_melanoma
image_1707.jpg	uveal_melanoma
image_1708.jpg	uveal_melanoma
image_1709.jpg	uveal_melanoma
image_1710.jpg	uveal_melanoma
image_1711.jpg	uveal_melanoma
image_1712.jpg	uveal_melanoma
image_1713.jpg	uveal_melanoma
image_1714.jpg	uveal_melanoma
image_1715.jpg	uveal_melanoma
image_1716.jpg	uveal_melanoma
image_1717.jpg	uveal_melanoma
image_1718.jpg	uveal_melanoma
image_1719.jpg	uveal_melanoma
image_1720.jpg	uveal_melanoma
image_1721.jpg	uveal_melanoma
image_1722.jpg	uveal_melanoma
image_1723.jpg	uveal_melanoma
image_1724.jpg	uveal_melanoma
image_1725.jpg	uveal_melanoma
image_1726.jpg	uveal_melanoma
image_1727.jpg	uveal_melanoma
image_1728.jpg	uveal_melanoma
image_1729.jpg	uveal_melanoma
image_1730.jpg	uveal_melanoma
image_1731.jpg	uveal_melanoma
image_1732.jpg	uveal_melanoma
image_1733.jpg	uveal_melanoma
image_1734.jpg	uveal_melanoma
image_1735.jpg	uveal_melanoma
image_1736.jpg	uveal_melanoma
image_1737.jpg	uveal_melanoma
image_1738.jpg	uveal_melanoma
image_1739.jpg	uveal_melanoma
image_1740.jpg	uveal_melanoma
image_1741.jpg	uveal_melanoma
image_1742.jpg	uveal_melanoma
image_1743.jpg	uveal_melanoma
image_1744.jpg	uveal_melanoma
image_1745.jpg	uveal_melanoma
image_1746.jpg	uveal_melanoma
image_1747.jpg	uveal_melanoma
image_1748.jpg	uveal_melanoma
image_1749.jpg	uveal_melanoma
image_1750.jpg	uveal_melanoma
image_1751.jpg	uveal_melanoma
image_1752.jpg	uveal_melanoma
image_1753.jpg	uveal_melanoma
image_1754.jpg	uveal_melanoma
image_1755.jpg	uveal_melanoma
image_1756.jpg	uveal_melanoma
image_1757.jpg	uveal_melanoma
image_1758.jpg	uveal_melanoma
image_1759.jpg	uveal_melanoma
image_1760.jpg	uveal_melanoma
image_1761.jpg	uveal_melanoma
image_1762.jpg	uveal_melanoma
image_1763.jpg	uveal_melanoma
image_1764.jpg	uveal_melanoma
image_1765.jpg	uveal_melanoma
image_1766.jpg	uveal_melanoma
image_1767.jpg	uveal_melanoma
image_1768.jpg	uveal_melanoma
image_1769.jpg	uveal_melanoma
image_1770.jpg	uveal_melanoma
image_1771.jpg	uveal_melanoma
image_1772.jpg	uveal_melanoma
image_1773.jpg	uveal_melanoma
image_1774.jpg	uveal_melanoma
image_1775.jpg	choroidal_hemangioma
image_1776.jpg	choroidal_hemangioma
image_1777.jpg	choroidal_hemangioma
image_1778.jpg	choroidal_hemangioma
image_1779.jpg	choroidal_hemangioma
image_1780.jpg	choroidal_hemangioma
image_1781.jpg	choroidal_hemangioma
image_1782.jpg	choroidal_hemangioma
image_1783.jpg	choroidal_hemangioma
image_1784.jpg	choroidal_hemangioma
image_1785.jpg	choroidal_hemangioma
image_1786.jpg	choroidal_hemangioma
image_1787.jpg	choroidal_hemangioma
image_1788.jpg	choroidal_hemangioma
image_1789.jpg	choroidal_hemangioma
image_1790.jpg	choroidal_hemangioma
image_1791.jpg	choroidal_hemangioma
image_1792.jpg	choroidal_hemangioma
image_1793.jpg	choroidal_hemangioma
image_1794.jpg	choroidal_hemangioma
image_1795.jpg	choroidal_hemangioma
image_1796.jpg	choroidal_hemangioma
image_1797.jpg	choroidal_hemangioma
image_1798.jpg	choroidal_hemangioma
image_1799.jpg	choroidal_hemangioma
image_1800.jpg	choroidal_hemangioma
image_1801.jpg	choroidal_hemangioma
image_1802.jpg	choroidal_hemangioma
image_1803.jpg	choroidal_hemangioma
image_1804.jpg	choroidal_hemangioma
image_1805.jpg	choroidal_hemangioma
image_1806.jpg	choroidal_hemangioma
image_1807.jpg	choroidal_hemangioma
image_1808.jpg	choroidal_hemangioma
image_1809.jpg	choroidal_hemangioma
image_1810.jpg	choroidal_hemangioma
image_1811.jpg	choroidal_hemangioma
image_1812.jpg	choroidal_hemangioma
image_1813.jpg	choroidal_hemangioma
image_1814.jpg	choroidal_hemangioma
image_1815.jpg	choroidal_hemangioma
image_1816.jpg	choroidal_hemangioma
image_1817.jpg	choroidal_hemangioma
image_1818.jpg	choroidal_hemangioma
image_1819.jpg	choroidal_hemangioma
image_1820.jpg	choroidal_hemangioma
image_1821.jpg	choroidal_hemangioma
image_1822.jpg	choroidal_hemangioma
image_1823.jpg	choroidal_hemangioma
image_1824.jpg	choroidal_hemangioma
image_1825.jpg	choroidal_hemangioma
image_1826.jpg	choroidal_hemangioma
image_1827.jpg	choroidal_hemangioma
image_1828.jpg	choroidal_hemangioma
image_1829.jpg	choroidal_hemangioma
image_1830.jpg	choroidal_hemangioma
image_1831.jpg	choroidal_hemangioma
image_1832.jpg	choroidal_hemangioma
image_1833.jpg	choroidal_hemangioma
image_1834.jpg	choroidal_hemangioma
image_1835.jpg	choroidal_hemangioma
image_1836.jpg	choroidal_hemangioma
image_1837.jpg	choroidal_hemangioma
image_1838.jpg	choroidal_hemangioma
image_1839.jpg	choroidal_hemangioma
image_1840.jpg	choroidal_hemangioma
image_1841.jpg	choroidal_hemangioma
image_1842.jpg	choroidal_hemangioma
image_1843.jpg	choroidal_hemangioma
image_1844.jpg	choroidal_hemangioma
image_1845.jpg	choroidal_hemangioma
image_1846.jpg	retinal_capillary_hemangioma
image_1847.jpg	retinal_capillary_hemangioma
image_1848.jpg	retinal_capillary_hemangioma
image_1849.jpg	retinal_capillary_hemangioma
image_1850.jpg	retinal_capillary_hemangioma
image_1851.jpg	retinal_capillary_hemangioma
image_1852.jpg	retinal_capillary_hemangioma
image_1853.jpg	retinal_capillary_hemangioma
image_1854.jpg	retinal_capillary_hemangioma
image_1855.jpg	retinal_capillary_hemangioma
image_1856.jpg	retinal_capillary_hemangioma
image_1857.jpg	retinal_capillary_hemangioma
image_1858.jpg	retinal_capillary_hemangioma
image_1859.jpg	retinal_capillary_hemangioma
image_1860.jpg	retinal_capillary_hemangioma
image_1861.jpg	retinal_capillary_hemangioma
image_1862.jpg	retinal_capillary_hemangioma
image_1863.jpg	retinal_capillary_hemangioma
image_1864.jpg	retinal_capillary_hemangioma
image_1865.jpg	retinal_capillary_hemangioma
image_1866.jpg	retinal_capillary_hemangioma
image_1867.jpg	retinal_capillary_hemangioma
image_1868.jpg	retinal_capillary_hemangioma
image_1869.jpg	retinal_capillary_hemangioma
image_1870.jpg	retinal_capillary_hemangioma
image_1871.jpg	retinal_capillary_hemangioma
image_1872.jpg	retinal_capillary_hemangioma
image_1873.jpg	retinal_capillary_hemangioma
image_1874.jpg	retinal_capillary_hemangioma
image_1875.jpg	retinal_capillary_hemangioma
image_1876.jpg	retinal_capillary_hemangioma
image_1877.jpg	retinal_capillary_hemangioma
image_1878.jpg	retinal_capillary_hemangioma
image_1879.jpg	retinal_capillary_hemangioma
image_1880.jpg	retinal_capillary_hemangioma
image_1881.jpg	retinal_capillary_hemangioma
image_1882.jpg	retinal_capillary_hemangioma
image_1883.jpg	retinal_capillary_hemangioma
image_1884.jpg	retinal_capillary_hemangioma
image_1885.jpg	retinal_capillary_hemangioma
image_1886.jpg	retinal_capillary_hemangioma
image_1887.jpg	retinal_capillary_hemangioma
image_1888.jpg	retinal_capillary_hemangioma
image_1889.jpg	retinal_capillary_hemangioma
image_1890.jpg	retinal_capillary_hemangioma
image_1891.jpg	retinal_capillary_hemangioma
image_1892.jpg	retinal_capillary_hemangioma
image_1893.jpg	retinal_capillary_hemangioma
image_1894.jpg	retinal_capillary_hemangioma
image_1895.jpg	retinal_capillary_hemangioma
image_1896.jpg	retinal_capillary_hemangioma
image_1897.jpg	retinal_capillary_hemangioma
image_1898.jpg	retinal_capillary_hemangioma
image_1899.jpg	retinal_capillary_hemangioma
image_1900.jpg	retinal_capillary_hemangioma
image_1901.jpg	retinal_capillary_hemangioma
image_1902.jpg	retinal_capillary_hemangioma
image_1903.jpg	retinal_capillary_hemangioma
image_1904.jpg	retinal_capillary_hemangioma
image_1905.jpg	retinal_capillary_hemangioma
image_1906.jpg	retinal_capillary_hemangioma
image_1907.jpg	retinal_capillary_hemangioma
image_1908.jpg	retinal_capillary_hemangioma
image_1909.jpg	retinal_capillary_hemangioma
image_1910.jpg	retinal_capillary_hemangioma
image_1911.jpg	retinal_capillary_hemangioma
image_1912.jpg	retinal_capillary_hemangioma
image_1913.jpg	retinal_capillary_hemangioma
image_1914.jpg	retinal_capillary_hemangioma
image_1915.jpg	retinal_capillary_hemangioma
image_1916.jpg	retinal_capillary_hemangioma
image_1917.jpg	retinal_capillary_hemangioma
image_1918.jpg	retinal_capillary_hemangioma
image_1919.jpg	retinal_capillary_hemangioma
image_1920.jpg	retinal_capillary_hemangioma
image_1921.jpg	retinal_capillary_hemangioma
image_1922.jpg	retinal_capillary_hemangioma
image_1923.jpg	retinal_capillary_hemangioma
image_1924.jpg	retinal_capillary_hemangioma
image_1925.jpg	retinal_capillary_hemangioma
image_1926.jpg	retinal_capillary_hemangioma
image_1927.jpg	retinal_capillary_hemangioma
image_1928.jpg	retinal_capillary_hemangioma
image_1929.jpg	retinal_capillary_hemangioma
image_1930.jpg	retinal_capillary_hemangioma
image_1931.jpg	retinal_capillary_hemangioma
image_1932.jpg	retinal_capillary_hemangioma
image_1933.jpg	retinal_capillary_hemangioma
image_1934.jpg	retinal_capillary_hemangioma
image_1935.jpg	retinal_capillary_hemangioma
image_1936.jpg	retinal_capillary_hemangioma
image_1937.jpg	retinal_capillary_hemangioma
image_1938.jpg	retinal_capillary_hemangioma
image_1939.jpg	retinal_capillary_hemangioma
image_1940.jpg	retinal_capillary_hemangioma
image_1941.jpg	retinal_capillary_hemangioma
image_1942.jpg	retinal_capillary_hemangioma
image_1943.jpg	retinal_capillary_hemangioma
image_1944.jpg	retinal_capillary_hemangioma
image_1945.jpg	retinal_capillary_hemangioma
image_1946.jpg	retinal_capillary_hemangioma
image_1947.jpg	retinal_capillary_hemangioma
image_1948.jpg	retinal_capillary_hemangioma
image_1949.jpg	retinal_capillary_hemangioma
image_1950.jpg	retinal_capillary_hemangioma
image_1951.jpg	retinal_capillary_hemangioma
image_1952.jpg	retinal_capillary_hemangioma
image_1953.jpg	retinal_capillary_hemangioma
image_1954.jpg	retinal_capillary_hemangioma
image_1955.jpg	retinal_capillary_hemangioma
image_1956.jpg	retinal_capillary_hemangioma
image_1957.jpg	retinal_capillary_hemangioma
image_1958.jpg	retinal_capillary_hemangioma
image_1959.jpg	retinal_capillary_hemangioma
image_1960.jpg	retinal_capillary_hemangioma
image_1961.jpg	retinal_capillary_hemangioma
image_1962.jpg	retinal_capillary_hemangioma
image_1963.jpg	retinal_capillary_hemangioma
image_1964.jpg	retinal_capillary_hemangioma
image_1965.jpg	retinal_capillary_hemangioma
image_1966.jpg	retinal_capillary_hemangioma
image_1967.jpg	retinal_capillary_hemangioma
image_1968.jpg	retinal_capillary_hemangioma
image_1969.jpg	retinal_capillary_hemangioma
image_1970.jpg	retinal_capillary_hemangioma
image_1971.jpg	retinal_capillary_hemangioma
image_1972.jpg	retinal_capillary_hemangioma
image_1973.jpg	retinal_capillary_hemangioma
image_1974.jpg	retinal_capillary_hemangioma
image_1975.jpg	retinal_capillary_hemangioma
image_1976.jpg	retinal_capillary_hemangioma
image_1977.jpg	retinal_capillary_hemangioma
image_1978.jpg	retinal_capillary_hemangioma
image_1979.jpg	retinal_capillary_hemangioma
image_1980.jpg	retinal_capillary_hemangioma
image_1981.jpg	retinal_capillary_hemangioma
image_1982.jpg	retinal_capillary_hemangioma
image_1983.jpg	retinal_capillary_hemangioma
image_1984.jpg	retinal_capillary_hemangioma
image_1985.jpg	retinal_capillary_hemangioma
image_1986.jpg	retinal_capillary_hemangioma
image_1987.jpg	retinal_capillary_hemangioma
image_1988.jpg	retinal_capillary_hemangioma
image_1989.jpg	retinal_capillary_hemangioma
image_1990.jpg	retinal_capillary_hemangioma
image_1991.jpg	retinal_capillary_hemangioma
image_1992.jpg	retinal_capillary_hemangioma
image_1993.jpg	retinal_capillary_hemangioma
image_1994.jpg	retinal_capillary_hemangioma
image_1995.jpg	retinal_capillary_hemangioma
image_1996.jpg	retinal_capillary_hemangioma
image_1997.jpg	retinal_capillary_hemangioma
image_1998.jpg	retinal_capillary_hemangioma
image_1999.jpg	retinal_capillary_hemangioma
image_2000.jpg	retinal_capillary_hemangioma
image_2001.jpg	retinal_capillary_hemangioma
image_2002.jpg	retinal_capillary_hemangioma
image_2003.jpg	retinal_capillary_hemangioma
image_2004.jpg	retinal_capillary_hemangioma
image_2005.jpg	retinal_capillary_hemangioma
image_2006.jpg	retinal_capillary_hemangioma
image_2007.jpg	retinal_capillary_hemangioma
image_2008.jpg	retinal_capillary_hemangioma
image_2009.jpg	retinal_capillary_hemangioma
image_2010.jpg	retinal_capillary_hemangioma
image_2011.jpg	retinal_capillary_hemangioma
image_2012.jpg	retinal_capillary_hemangioma
image_2013.jpg	retinal_capillary_hemangioma
image_2014.jpg	retinal_capillary_hemangioma
image_2015.jpg	retinal_capillary_hemangioma
image_2016.jpg	retinal_capillary_hemangioma
image_2017.jpg	retinal_capillary_hemangioma
image_2018.jpg	retinal_capillary_hemangioma
image_2019.jpg	retinal_capillary_hemangioma
image_2020.jpg	retinal_capillary_hemangioma
image_2021.jpg	retinal_capillary_hemangioma
image_2022.jpg	retinal_capillary_hemangioma
image_2023.jpg	retinal_capillary_hemangioma
image_2024.jpg	retinal_capillary_hemangioma
image_2025.jpg	retinal_capillary_hemangioma
image_2026.jpg	retinal_capillary_hemangioma
image_2027.jpg	retinal_capillary_hemangioma
image_2028.jpg	retinal_capillary_hemangioma
image_2029.jpg	retinal_capillary_hemangioma
image_2030.jpg	retinal_capillary_hemangioma
image_2031.jpg	retinal_capillary_hemangioma
